{
    "FeedViewController": {
        "objects": {
            "currentUserProvider": {
                "type": "ManagedObjectsProvider",
                "attrs": {
                    "entityName": "Account",
                    "resultChain": [
                        "gx_first"
                    ]
                }
            },
            "feedContentProvider": {
                "type": "ManagedObjectsProvider",
                "attrs": {
                    "entityName": "Post",
                    "sortByFields": "timestamp",
                    "sortAscending": false
                }
            },
            "currentUserContentController": {
                "type": "ContentDisplayController",
                "outlets": {
                    "mainContentProvider": "currentUserProvider"
                }
            },
            "feedTableContentController": {
                "type": "TableInfiniteScrollController",
                "attrs": {
                    "systemAutomaticDimensionEnabled": true,
                    "cellNibNames": [
                        "Cell"
                    ],
                    "performSegueForCells": 1
                },
                "outlets": {
                    "mainContentProvider": "feedContentProvider",
                    "searchController": "searchController",
                    "deleteController": "deleteActionController",
                    "emptyDataView": "emptyDataView",
                    "elements": [
                        "feedTableView"
                    ]
                }
            },
            "onLoadActionController": {
                "type": "OnLoadActionController",
                "attrs": {
                    "actionName": "currentUser"
                }
            },
            "homeFeedStatusController": {
                "alias": "homeFeed",
                "type": "ActionStatusController",
                "attrs": {
                    "actionName": "homeFeed",
                    "errorMessage": "Failed to load feed!"
                },
                "outlets": {
                    "elements": [
                        "feedTableView"
                    ]
                }
            },
            "searchController": {
                "type": "SearchActionController",
                "attrs": {
                    "filterFormat": "text CONTAINS[cd] $input"
                },
                "outlets": {
                    "sender": "searchBar"
                }
            }
        },
        "elements": {
            "@self": {
                "attrs": {
                    "serviceProviderClassName": "StubServiceProvider"
                }
            },
            "titleLabel": {
                "bindings": [
                    {
                        "predicateFormat": "content == nil",
                        "ifTrue": "",
                        "ifFalse": "$content.name"
                    }
                ]
            },
            "birdImageView": {
                "bindings": [
                    {
                        "to": "gx_imageName",
                        "predicateFormat": "content == nil",
                        "ifTrue": "bird",
                        "ifFalse": null
                    }
                ]
            },
            "feedTableView": {
                "bindings": [
                    {
                        "to": "refreshControl.gx_value",
                        "from": "homeFeed.inProgress"
                    }
                ]
            },
            "avatarView": {
                "bindings": [
                    {
                        "to": "gx_imageName",
                        "from": "content.author.imageName"
                    }
                ]
            },
            "textLabel": {
                "bindings": [
                    {
                        "placeholder": "<Empty post>",
                        "from": "content.text"
                    }
                ]
            },
            "authorLabel": {
                "bindings": [
                    {
                        "placeholder": "<Author>",
                        "from": "content.author.name"
                    }
                ]
            },
            "timeLabel": {
                "bindings": [
                    {
                        "placeholder": "--s",
                        "from": "content.timestamp",
                        "transformer": "ago"
                    }
                ]
            }
        }
    }
}
