{
    "defaults": {
        "baseUrl": "https://test",
        "httpMethod": "GET",
        "headers": {},
        "resultKeyPath": "",
        "parameters": {}
    },
    "actions": {
        "currentUser": {
            "resultType": "Account",
            "nextAction": "homeFeed",
            "response": {
                "followers_count": 1000000,
                "id_str": "0",
                "name": "M8 Labs",
                "screen_name": "m8labs",
                "image_name": "ava_m8labs"
            }
        },
        "homeFeed": {
            "resultType": "[Post]",
            "clearPolicy": "after",
            "parameters": {
                "count": "20"
            },
            "response": [
                {
                    "id_str": "1",
                    "favorite_count": 9000,
                    "repost_count": 9999,
                    "text": "Graffiti Framework provides a set of 100% reusable objects! #reusable #objects",
                    "created_at": "Fri May 09 20:23:14 +0000 2018",
                    "user": {
                        "id_str": "0",
                        "name": "M8 Labs",
                        "screen_name": "m8labs",
                        "image_name": "ava_m8labs"
                    }
                },
                {
                    "id_str": "2",
                    "favorite_count": 4,
                    "repost_count": 4,
                    "text": "Samples contains detailed comments in swift and JSON files. #read_comments",
                    "created_at": "Fri May 07 09:41:10 +0000 2018",
                    "user": {
                        "id_str": "1",
                        "name": "Infinite Red",
                        "screen_name": "user⌘name1",
                        "image_name": "ava_infinity"
                    }
                },
                {
                    "id_str": "3",
                    "favorite_count": 5,
                    "repost_count": 5,
                    "text": "If you need more complex maps handling, check out our extended maps sample.",
                    "created_at": "Fri May 06 09:41:09 +0000 2018",
                    "user": {
                        "id_str": "2",
                        "name": "Green Dragon",
                        "screen_name": "user⌘name2",
                        "image_name": "ava_dragon"
                    }
                },
                {
                    "id_str": "4",
                    "favorite_count": 6,
                    "repost_count": 6,
                    "text": "RT @everybody No more nonsence \"patterns\" #patterns #antipatterns\n\nhttps://youtu.be/Gk-9Fd2mEnI?t=47m41s",
                    "created_at": "Fri May 07 09:41:08 +0000 2018",
                    "user": {
                        "id_str": "3",
                        "name": "Black & White",
                        "screen_name": "user⌘name3",
                        "image_name": "ava_dots"
                    }
                },
                {
                    "id_str": "5",
                    "favorite_count": 7,
                    "repost_count": 7,
                    "text": "RT @everybody No code generation\n#codegeneration\n#evil",
                    "created_at": "Fri May 04 09:41:07 +0000 2018",
                    "user": {
                        "id_str": "4",
                        "name": "Deep Pixels",
                        "screen_name": "user⌘name4",
                        "image_name": "ava_pixels"
                    }
                },
                {
                    "id_str": "6",
                    "favorite_count": 3,
                    "repost_count": 3,
                    "text": "- You will miss your crash reports 😂\n- Explain this kind of performance to your boss 🤣\n#productivity #robustness",
                    "created_at": "Fri May 05 12:41:06 +0000 2018",
                    "user": {
                        "id_str": "5",
                        "name": "Pirple 8",
                        "screen_name": "user⌘name5",
                        "image_name": "ava_pirple8"
                    }
                }
            ]
        },
        "newPost": {
            "httpMethod": "POST",
            "resultType": "Post",
            "response": {
                "id_str": "7",
                "favorite_count": 7,
                "repost_count": 7,
                "text": "$text",
                "created_at": "Fri May 29 20:23:14 +0000 2018",
                "user": {
                    "id_str": "0",
                    "name": "M8 Labs",
                    "screen_name": "m8labs",
                    "image_name": "ava_m8labs"
                }
            }
        }
    },
    "options": {
        "transformers": {
            "date": {
                "default": {
                    "name": "strToDate",
                    "format": "EEE MMM d HH:mm:ss Z y",
                    "locale": "en_US_POSIX"
                }
            }
        },
        "debugDelay": 1.0
    }
}
